size_bytes,access_type,run,latency_ns
1024,cpu_baseline,0,403700
1024,post_migration,0,424500
1024,cpu_baseline,1,500
1024,post_migration,1,438100
1024,cpu_baseline,2,800
1024,post_migration,2,436400
1024,cpu_baseline,3,500
1024,post_migration,3,422200
1024,cpu_baseline,4,700
1024,post_migration,4,518200
1024,cpu_baseline,5,700
1024,post_migration,5,419400
1024,cpu_baseline,6,700
1024,post_migration,6,418600
1024,cpu_baseline,7,800
1024,post_migration,7,428000
1024,cpu_baseline,8,600
1024,post_migration,8,418600
1024,cpu_baseline,9,500
1024,post_migration,9,433100
1024,cpu_baseline,10,500
1024,post_migration,10,426700
1024,cpu_baseline,11,800
1024,post_migration,11,453500
1024,cpu_baseline,12,700
1024,post_migration,12,405100
1024,cpu_baseline,13,600
1024,post_migration,13,406100
1024,cpu_baseline,14,700
1024,post_migration,14,401200
1024,cpu_baseline,15,600
1024,post_migration,15,442700
1024,cpu_baseline,16,900
1024,post_migration,16,400300
1024,cpu_baseline,17,700
1024,post_migration,17,427200
1024,cpu_baseline,18,700
1024,post_migration,18,456900
1024,cpu_baseline,19,700
1024,post_migration,19,438900
1024,cpu_baseline,20,600
1024,post_migration,20,443600
1024,cpu_baseline,21,800
1024,post_migration,21,448200
1024,cpu_baseline,22,700
1024,post_migration,22,449200
1024,cpu_baseline,23,800
1024,post_migration,23,456700
1024,cpu_baseline,24,900
1024,post_migration,24,441000
1024,cpu_baseline,25,700
1024,post_migration,25,437700
1024,cpu_baseline,26,800
1024,post_migration,26,418600
1024,cpu_baseline,27,700
1024,post_migration,27,446500
1024,cpu_baseline,28,900
1024,post_migration,28,434700
1024,cpu_baseline,29,700
1024,post_migration,29,386500
2048,cpu_baseline,0,407500
2048,post_migration,0,414400
2048,cpu_baseline,1,1400
2048,post_migration,1,426500
2048,cpu_baseline,2,1400
2048,post_migration,2,496500
2048,cpu_baseline,3,1600
2048,post_migration,3,553300
2048,cpu_baseline,4,1700
2048,post_migration,4,619300
2048,cpu_baseline,5,1500
2048,post_migration,5,425000
2048,cpu_baseline,6,1500
2048,post_migration,6,406200
2048,cpu_baseline,7,1600
2048,post_migration,7,460400
2048,cpu_baseline,8,1600
2048,post_migration,8,437300
2048,cpu_baseline,9,1400
2048,post_migration,9,628300
2048,cpu_baseline,10,2200
2048,post_migration,10,549400
2048,cpu_baseline,11,1200
2048,post_migration,11,460200
2048,cpu_baseline,12,1500
2048,post_migration,12,407800
2048,cpu_baseline,13,1400
2048,post_migration,13,401200
2048,cpu_baseline,14,1300
2048,post_migration,14,408700
2048,cpu_baseline,15,1400
2048,post_migration,15,486100
2048,cpu_baseline,16,1700
2048,post_migration,16,479800
2048,cpu_baseline,17,1500
2048,post_migration,17,442700
2048,cpu_baseline,18,1200
2048,post_migration,18,425000
2048,cpu_baseline,19,1400
2048,post_migration,19,439100
2048,cpu_baseline,20,1200
2048,post_migration,20,428500
2048,cpu_baseline,21,1400
2048,post_migration,21,412100
2048,cpu_baseline,22,1400
2048,post_migration,22,393300
2048,cpu_baseline,23,1400
2048,post_migration,23,395800
2048,cpu_baseline,24,1600
2048,post_migration,24,409100
2048,cpu_baseline,25,1100
2048,post_migration,25,433800
2048,cpu_baseline,26,1400
2048,post_migration,26,412700
2048,cpu_baseline,27,1400
2048,post_migration,27,418400
2048,cpu_baseline,28,1500
2048,post_migration,28,421700
2048,cpu_baseline,29,1400
2048,post_migration,29,396700
4096,cpu_baseline,0,411000
4096,post_migration,0,404100
4096,cpu_baseline,1,2200
4096,post_migration,1,398500
4096,cpu_baseline,2,2400
4096,post_migration,2,557400
4096,cpu_baseline,3,2800
4096,post_migration,3,412100
4096,cpu_baseline,4,2700
4096,post_migration,4,435100
4096,cpu_baseline,5,2900
4096,post_migration,5,423900
4096,cpu_baseline,6,3000
4096,post_migration,6,409000
4096,cpu_baseline,7,2600
4096,post_migration,7,420600
4096,cpu_baseline,8,2900
4096,post_migration,8,418400
4096,cpu_baseline,9,2700
4096,post_migration,9,425300
4096,cpu_baseline,10,2400
4096,post_migration,10,406700
4096,cpu_baseline,11,2400
4096,post_migration,11,421100
4096,cpu_baseline,12,3000
4096,post_migration,12,440900
4096,cpu_baseline,13,2900
4096,post_migration,13,432100
4096,cpu_baseline,14,3000
4096,post_migration,14,503000
4096,cpu_baseline,15,2900
4096,post_migration,15,426500
4096,cpu_baseline,16,3000
4096,post_migration,16,483300
4096,cpu_baseline,17,2900
4096,post_migration,17,392800
4096,cpu_baseline,18,2300
4096,post_migration,18,436500
4096,cpu_baseline,19,3000
4096,post_migration,19,437300
4096,cpu_baseline,20,3200
4096,post_migration,20,411600
4096,cpu_baseline,21,3200
4096,post_migration,21,448400
4096,cpu_baseline,22,3300
4096,post_migration,22,446800
4096,cpu_baseline,23,2800
4096,post_migration,23,418300
4096,cpu_baseline,24,2800
4096,post_migration,24,440600
4096,cpu_baseline,25,2700
4096,post_migration,25,423600
4096,cpu_baseline,26,3000
4096,post_migration,26,404700
4096,cpu_baseline,27,2700
4096,post_migration,27,435300
4096,cpu_baseline,28,2600
4096,post_migration,28,410000
4096,cpu_baseline,29,2700
4096,post_migration,29,411700
8192,cpu_baseline,0,411900
8192,post_migration,0,411400
8192,cpu_baseline,1,5100
8192,post_migration,1,409500
8192,cpu_baseline,2,5100
8192,post_migration,2,411800
8192,cpu_baseline,3,4200
8192,post_migration,3,401200
8192,cpu_baseline,4,5200
8192,post_migration,4,402900
8192,cpu_baseline,5,5200
8192,post_migration,5,410300
8192,cpu_baseline,6,5100
8192,post_migration,6,390000
8192,cpu_baseline,7,5300
8192,post_migration,7,425700
8192,cpu_baseline,8,6500
8192,post_migration,8,677400
8192,cpu_baseline,9,6900
8192,post_migration,9,549200
8192,cpu_baseline,10,6400
8192,post_migration,10,519700
8192,cpu_baseline,11,5500
8192,post_migration,11,427800
8192,cpu_baseline,12,4700
8192,post_migration,12,496200
8192,cpu_baseline,13,5900
8192,post_migration,13,417800
8192,cpu_baseline,14,6500
8192,post_migration,14,426800
8192,cpu_baseline,15,5400
8192,post_migration,15,417300
8192,cpu_baseline,16,6500
8192,post_migration,16,406600
8192,cpu_baseline,17,4300
8192,post_migration,17,408600
8192,cpu_baseline,18,5200
8192,post_migration,18,419100
8192,cpu_baseline,19,4200
8192,post_migration,19,425700
8192,cpu_baseline,20,10800
8192,post_migration,20,428700
8192,cpu_baseline,21,5700
8192,post_migration,21,440800
8192,cpu_baseline,22,4300
8192,post_migration,22,505900
8192,cpu_baseline,23,6400
8192,post_migration,23,528100
8192,cpu_baseline,24,6100
8192,post_migration,24,569400
8192,cpu_baseline,25,5700
8192,post_migration,25,663200
8192,cpu_baseline,26,6900
8192,post_migration,26,621900
8192,cpu_baseline,27,6100
8192,post_migration,27,535900
8192,cpu_baseline,28,6400
8192,post_migration,28,464100
8192,cpu_baseline,29,4500
8192,post_migration,29,433800
16384,cpu_baseline,0,439900
16384,post_migration,0,433600
16384,cpu_baseline,1,10300
16384,post_migration,1,447400
16384,cpu_baseline,2,9500
16384,post_migration,2,636400
16384,cpu_baseline,3,15500
16384,post_migration,3,665500
16384,cpu_baseline,4,12800
16384,post_migration,4,558300
16384,cpu_baseline,5,10600
16384,post_migration,5,512600
16384,cpu_baseline,6,10600
16384,post_migration,6,483500
16384,cpu_baseline,7,10600
16384,post_migration,7,495800
16384,cpu_baseline,8,10600
16384,post_migration,8,466700
16384,cpu_baseline,9,10600
16384,post_migration,9,468800
16384,cpu_baseline,10,8900
16384,post_migration,10,473000
16384,cpu_baseline,11,10300
16384,post_migration,11,447000
16384,cpu_baseline,12,11700
16384,post_migration,12,440500
16384,cpu_baseline,13,8400
16384,post_migration,13,441700
16384,cpu_baseline,14,10000
16384,post_migration,14,463700
16384,cpu_baseline,15,9700
16384,post_migration,15,517000
16384,cpu_baseline,16,10600
16384,post_migration,16,600400
16384,cpu_baseline,17,11300
16384,post_migration,17,442800
16384,cpu_baseline,18,11000
16384,post_migration,18,431200
16384,cpu_baseline,19,11000
16384,post_migration,19,443300
16384,cpu_baseline,20,11600
16384,post_migration,20,426600
16384,cpu_baseline,21,9400
16384,post_migration,21,467200
16384,cpu_baseline,22,12600
16384,post_migration,22,472100
16384,cpu_baseline,23,11300
16384,post_migration,23,473000
16384,cpu_baseline,24,9800
16384,post_migration,24,456300
16384,cpu_baseline,25,10000
16384,post_migration,25,476200
16384,cpu_baseline,26,10300
16384,post_migration,26,430100
16384,cpu_baseline,27,8900
16384,post_migration,27,413300
16384,cpu_baseline,28,8900
16384,post_migration,28,428400
16384,cpu_baseline,29,8900
16384,post_migration,29,449200
32768,cpu_baseline,0,464700
32768,post_migration,0,489700
32768,cpu_baseline,1,16900
32768,post_migration,1,457400
32768,cpu_baseline,2,16900
32768,post_migration,2,628300
32768,cpu_baseline,3,27400
32768,post_migration,3,757900
32768,cpu_baseline,4,37000
32768,post_migration,4,482100
32768,cpu_baseline,5,18900
32768,post_migration,5,474700
32768,cpu_baseline,6,18900
32768,post_migration,6,624800
32768,cpu_baseline,7,34700
32768,post_migration,7,536300
32768,cpu_baseline,8,26700
32768,post_migration,8,546700
32768,cpu_baseline,9,21700
32768,post_migration,9,527600
32768,cpu_baseline,10,16900
32768,post_migration,10,460600
32768,cpu_baseline,11,16900
32768,post_migration,11,501400
32768,cpu_baseline,12,23600
32768,post_migration,12,494200
32768,cpu_baseline,13,23500
32768,post_migration,13,520500
32768,cpu_baseline,14,18300
32768,post_migration,14,753400
32768,cpu_baseline,15,34700
32768,post_migration,15,598100
32768,cpu_baseline,16,27300
32768,post_migration,16,564000
32768,cpu_baseline,17,23700
32768,post_migration,17,457100
32768,cpu_baseline,18,17800
32768,post_migration,18,471100
32768,cpu_baseline,19,21200
32768,post_migration,19,475400
32768,cpu_baseline,20,17700
32768,post_migration,20,460200
32768,cpu_baseline,21,17800
32768,post_migration,21,485000
32768,cpu_baseline,22,17800
32768,post_migration,22,470300
32768,cpu_baseline,23,17800
32768,post_migration,23,534700
32768,cpu_baseline,24,17800
32768,post_migration,24,456000
32768,cpu_baseline,25,21300
32768,post_migration,25,492700
32768,cpu_baseline,26,21700
32768,post_migration,26,481200
32768,cpu_baseline,27,17700
32768,post_migration,27,626200
32768,cpu_baseline,28,22700
32768,post_migration,28,555000
32768,cpu_baseline,29,18200
32768,post_migration,29,484000
65536,cpu_baseline,0,531100
65536,post_migration,0,543600
65536,cpu_baseline,1,41400
65536,post_migration,1,537900
65536,cpu_baseline,2,38400
65536,post_migration,2,564000
65536,cpu_baseline,3,35500
65536,post_migration,3,507000
65536,cpu_baseline,4,159200
65536,post_migration,4,555500
65536,cpu_baseline,5,45400
65536,post_migration,5,519600
65536,cpu_baseline,6,37600
65536,post_migration,6,497300
65536,cpu_baseline,7,35600
65536,post_migration,7,525300
65536,cpu_baseline,8,42400
65536,post_migration,8,574100
65536,cpu_baseline,9,35700
65536,post_migration,9,570900
65536,cpu_baseline,10,38900
65536,post_migration,10,511500
65536,cpu_baseline,11,35600
65536,post_migration,11,481600
65536,cpu_baseline,12,35600
65536,post_migration,12,507400
65536,cpu_baseline,13,36700
65536,post_migration,13,539600
65536,cpu_baseline,14,36700
65536,post_migration,14,659800
65536,cpu_baseline,15,72500
65536,post_migration,15,540300
65536,cpu_baseline,16,38900
65536,post_migration,16,510400
65536,cpu_baseline,17,35500
65536,post_migration,17,506100
65536,cpu_baseline,18,35500
65536,post_migration,18,537800
65536,cpu_baseline,19,43800
65536,post_migration,19,533700
65536,cpu_baseline,20,40500
65536,post_migration,20,608900
65536,cpu_baseline,21,41400
65536,post_migration,21,521300
65536,cpu_baseline,22,35600
65536,post_migration,22,572100
65536,cpu_baseline,23,41400
65536,post_migration,23,517400
65536,cpu_baseline,24,60800
65536,post_migration,24,633500
65536,cpu_baseline,25,41300
65536,post_migration,25,562500
65536,cpu_baseline,26,41400
65536,post_migration,26,563600
65536,cpu_baseline,27,35600
65536,post_migration,27,605800
65536,cpu_baseline,28,35500
65536,post_migration,28,534900
65536,cpu_baseline,29,35500
65536,post_migration,29,516700
131072,cpu_baseline,0,1172900
131072,post_migration,0,1000800
131072,cpu_baseline,1,73100
131072,post_migration,1,980500
131072,cpu_baseline,2,71000
131072,post_migration,2,1166200
131072,cpu_baseline,3,116500
131072,post_migration,3,1499100
131072,cpu_baseline,4,128900
131072,post_migration,4,1054000
131072,cpu_baseline,5,113500
131072,post_migration,5,1190300
131072,cpu_baseline,6,89400
131072,post_migration,6,1073200
131072,cpu_baseline,7,90900
131072,post_migration,7,1252700
131072,cpu_baseline,8,120500
131072,post_migration,8,1451000
131072,cpu_baseline,9,71000
131072,post_migration,9,978500
131072,cpu_baseline,10,78100
131072,post_migration,10,987500
131072,cpu_baseline,11,90700
131072,post_migration,11,992800
131072,cpu_baseline,12,95400
131072,post_migration,12,1057500
131072,cpu_baseline,13,67500
131072,post_migration,13,1277100
131072,cpu_baseline,14,129100
131072,post_migration,14,1045700
131072,cpu_baseline,15,80900
131072,post_migration,15,1119000
131072,cpu_baseline,16,88000
131072,post_migration,16,1101500
131072,cpu_baseline,17,84900
131072,post_migration,17,1046900
131072,cpu_baseline,18,84100
131072,post_migration,18,1063400
131072,cpu_baseline,19,71100
131072,post_migration,19,988900
131072,cpu_baseline,20,71000
131072,post_migration,20,952400
131072,cpu_baseline,21,71000
131072,post_migration,21,1398800
131072,cpu_baseline,22,75100
131072,post_migration,22,1041300
131072,cpu_baseline,23,77300
131072,post_migration,23,967300
131072,cpu_baseline,24,78800
131072,post_migration,24,941000
131072,cpu_baseline,25,75900
131072,post_migration,25,942600
131072,cpu_baseline,26,75300
131072,post_migration,26,915900
131072,cpu_baseline,27,71600
131072,post_migration,27,1036600
131072,cpu_baseline,28,67300
131072,post_migration,28,1000400
131072,cpu_baseline,29,99700
131072,post_migration,29,1107500
262144,cpu_baseline,0,2032600
262144,post_migration,0,2119400
262144,cpu_baseline,1,327800
262144,post_migration,1,1970100
262144,cpu_baseline,2,139600
262144,post_migration,2,1988400
262144,cpu_baseline,3,141500
262144,post_migration,3,1906100
262144,cpu_baseline,4,186300
262144,post_migration,4,1991400
262144,cpu_baseline,5,150900
262144,post_migration,5,2217800
262144,cpu_baseline,6,146000
262144,post_migration,6,1989000
262144,cpu_baseline,7,163600
262144,post_migration,7,2046600
262144,cpu_baseline,8,135000
262144,post_migration,8,2003400
262144,cpu_baseline,9,139900
262144,post_migration,9,2434000
262144,cpu_baseline,10,149800
262144,post_migration,10,2197400
262144,cpu_baseline,11,156200
262144,post_migration,11,2078000
262144,cpu_baseline,12,141300
262144,post_migration,12,2164700
262144,cpu_baseline,13,152600
262144,post_migration,13,2047500
262144,cpu_baseline,14,154100
262144,post_migration,14,1981800
262144,cpu_baseline,15,142100
262144,post_migration,15,1950100
262144,cpu_baseline,16,143300
262144,post_migration,16,2501500
262144,cpu_baseline,17,230300
262144,post_migration,17,2379100
262144,cpu_baseline,18,170300
262144,post_migration,18,2339500
262144,cpu_baseline,19,150500
262144,post_migration,19,2406200
262144,cpu_baseline,20,189500
262144,post_migration,20,2197000
262144,cpu_baseline,21,160800
262144,post_migration,21,2095100
262144,cpu_baseline,22,150300
262144,post_migration,22,2156200
262144,cpu_baseline,23,161000
262144,post_migration,23,2668800
262144,cpu_baseline,24,169200
262144,post_migration,24,2190600
262144,cpu_baseline,25,154700
262144,post_migration,25,2000500
262144,cpu_baseline,26,165400
262144,post_migration,26,2197700
262144,cpu_baseline,27,203100
262144,post_migration,27,2233300
262144,cpu_baseline,28,218300
262144,post_migration,28,2091800
262144,cpu_baseline,29,174200
262144,post_migration,29,2082800
524288,cpu_baseline,0,4563000
524288,post_migration,0,4938800
524288,cpu_baseline,1,360400
524288,post_migration,1,4464000
524288,cpu_baseline,2,334500
524288,post_migration,2,4521300
524288,cpu_baseline,3,360600
524288,post_migration,3,4754800
524288,cpu_baseline,4,322700
524288,post_migration,4,4593000
524288,cpu_baseline,5,342800
524288,post_migration,5,4093100
524288,cpu_baseline,6,513600
524288,post_migration,6,4648100
524288,cpu_baseline,7,350900
524288,post_migration,7,4399800
524288,cpu_baseline,8,388300
524288,post_migration,8,4724800
524288,cpu_baseline,9,325500
524288,post_migration,9,4460700
524288,cpu_baseline,10,326400
524288,post_migration,10,4646100
524288,cpu_baseline,11,369000
524288,post_migration,11,4646500
524288,cpu_baseline,12,318700
524288,post_migration,12,3787700
524288,cpu_baseline,13,318800
524288,post_migration,13,4481700
524288,cpu_baseline,14,328500
524288,post_migration,14,4556900
524288,cpu_baseline,15,263300
524288,post_migration,15,4193500
524288,cpu_baseline,16,271600
524288,post_migration,16,3842300
524288,cpu_baseline,17,272300
524288,post_migration,17,4288700
524288,cpu_baseline,18,283900
524288,post_migration,18,4229200
524288,cpu_baseline,19,276200
524288,post_migration,19,4157300
524288,cpu_baseline,20,264000
524288,post_migration,20,3833400
524288,cpu_baseline,21,371000
524288,post_migration,21,4424000
524288,cpu_baseline,22,292100
524288,post_migration,22,4149500
524288,cpu_baseline,23,389100
524288,post_migration,23,3872500
524288,cpu_baseline,24,266700
524288,post_migration,24,3737500
524288,cpu_baseline,25,424700
524288,post_migration,25,4368900
524288,cpu_baseline,26,320100
524288,post_migration,26,4613900
524288,cpu_baseline,27,390300
524288,post_migration,27,4678000
524288,cpu_baseline,28,357000
524288,post_migration,28,4279100
524288,cpu_baseline,29,274800
524288,post_migration,29,3857600
1048576,cpu_baseline,0,11026500
1048576,post_migration,0,8576200
1048576,cpu_baseline,1,538000
1048576,post_migration,1,10433500
1048576,cpu_baseline,2,616200
1048576,post_migration,2,9785600
1048576,cpu_baseline,3,788400
1048576,post_migration,3,9319700
1048576,cpu_baseline,4,872500
1048576,post_migration,4,10354700
1048576,cpu_baseline,5,623000
1048576,post_migration,5,9211300
1048576,cpu_baseline,6,601100
1048576,post_migration,6,10738700
1048576,cpu_baseline,7,532500
1048576,post_migration,7,8710200
1048576,cpu_baseline,8,758700
1048576,post_migration,8,10609500
1048576,cpu_baseline,9,646700
1048576,post_migration,9,9146100
1048576,cpu_baseline,10,500900
1048576,post_migration,10,10058800
1048576,cpu_baseline,11,679700
1048576,post_migration,11,10097300
1048576,cpu_baseline,12,553700
1048576,post_migration,12,8586500
1048576,cpu_baseline,13,570100
1048576,post_migration,13,10205100
1048576,cpu_baseline,14,1134800
1048576,post_migration,14,9450200
1048576,cpu_baseline,15,613400
1048576,post_migration,15,11015700
1048576,cpu_baseline,16,589200
1048576,post_migration,16,8698100
1048576,cpu_baseline,17,619600
1048576,post_migration,17,9571200
1048576,cpu_baseline,18,500900
1048576,post_migration,18,9830100
1048576,cpu_baseline,19,516900
1048576,post_migration,19,8190600
1048576,cpu_baseline,20,852800
1048576,post_migration,20,10015000
1048576,cpu_baseline,21,657400
1048576,post_migration,21,8943600
1048576,cpu_baseline,22,623100
1048576,post_migration,22,10260200
1048576,cpu_baseline,23,604700
1048576,post_migration,23,8885600
1048576,cpu_baseline,24,697600
1048576,post_migration,24,10464900
1048576,cpu_baseline,25,608100
1048576,post_migration,25,9442600
1048576,cpu_baseline,26,611100
1048576,post_migration,26,10135800
1048576,cpu_baseline,27,588200
1048576,post_migration,27,10831300
1048576,cpu_baseline,28,575400
1048576,post_migration,28,8063900
1048576,cpu_baseline,29,517000
1048576,post_migration,29,9920200
2097152,cpu_baseline,0,19589400
2097152,post_migration,0,19824700
2097152,cpu_baseline,1,1118800
2097152,post_migration,1,18501100
2097152,cpu_baseline,2,1008700
2097152,post_migration,2,20432800
2097152,cpu_baseline,3,1511800
2097152,post_migration,3,19256200
2097152,cpu_baseline,4,1404000
2097152,post_migration,4,19397300
2097152,cpu_baseline,5,1076800
2097152,post_migration,5,20123600
2097152,cpu_baseline,6,1058700
2097152,post_migration,6,18991500
2097152,cpu_baseline,7,1031900
2097152,post_migration,7,19171600
2097152,cpu_baseline,8,1006600
2097152,post_migration,8,19289700
2097152,cpu_baseline,9,4160200
2097152,post_migration,9,19384300
2097152,cpu_baseline,10,1106000
2097152,post_migration,10,19151700
2097152,cpu_baseline,11,1122900
2097152,post_migration,11,17997200
2097152,cpu_baseline,12,1596400
2097152,post_migration,12,20391100
2097152,cpu_baseline,13,1029600
2097152,post_migration,13,19743600
2097152,cpu_baseline,14,1383500
2097152,post_migration,14,19920500
2097152,cpu_baseline,15,1006600
2097152,post_migration,15,18069600
2097152,cpu_baseline,16,1062700
2097152,post_migration,16,19043500
2097152,cpu_baseline,17,1044100
2097152,post_migration,17,18558700
2097152,cpu_baseline,18,1048300
2097152,post_migration,18,21211100
2097152,cpu_baseline,19,1832200
2097152,post_migration,19,17756800
2097152,cpu_baseline,20,1002900
2097152,post_migration,20,18710000
2097152,cpu_baseline,21,1556900
2097152,post_migration,21,18535200
2097152,cpu_baseline,22,1076500
2097152,post_migration,22,17789300
2097152,cpu_baseline,23,1099200
2097152,post_migration,23,19266900
2097152,cpu_baseline,24,1012100
2097152,post_migration,24,18716600
2097152,cpu_baseline,25,1282600
2097152,post_migration,25,18667300
2097152,cpu_baseline,26,1004300
2097152,post_migration,26,18712700
2097152,cpu_baseline,27,1127400
2097152,post_migration,27,19154200
2097152,cpu_baseline,28,1119500
2097152,post_migration,28,22254200
2097152,cpu_baseline,29,1052200
2097152,post_migration,29,18888900
4194304,cpu_baseline,0,39375900
4194304,post_migration,0,42673000
4194304,cpu_baseline,1,2061100
4194304,post_migration,1,40632900
4194304,cpu_baseline,2,2037900
4194304,post_migration,2,40121600
4194304,cpu_baseline,3,3533700
4194304,post_migration,3,42858300
4194304,cpu_baseline,4,2956400
4194304,post_migration,4,41577800
4194304,cpu_baseline,5,2195400
4194304,post_migration,5,38390300
4194304,cpu_baseline,6,2070500
4194304,post_migration,6,39317100
4194304,cpu_baseline,7,2037900
4194304,post_migration,7,45639400
4194304,cpu_baseline,8,2089100
4194304,post_migration,8,40357100
4194304,cpu_baseline,9,2033500
4194304,post_migration,9,41273400
4194304,cpu_baseline,10,2469000
4194304,post_migration,10,37704800
4194304,cpu_baseline,11,2338600
4194304,post_migration,11,40927700
4194304,cpu_baseline,12,2572200
4194304,post_migration,12,39673400
4194304,cpu_baseline,13,2215100
4194304,post_migration,13,40869400
4194304,cpu_baseline,14,2249200
4194304,post_migration,14,37629900
4194304,cpu_baseline,15,2078900
4194304,post_migration,15,39835300
4194304,cpu_baseline,16,2178700
4194304,post_migration,16,39788600
4194304,cpu_baseline,17,2364400
4194304,post_migration,17,40984700
4194304,cpu_baseline,18,2032700
4194304,post_migration,18,39637700
4194304,cpu_baseline,19,2130300
4194304,post_migration,19,42128600
4194304,cpu_baseline,20,2108300
4194304,post_migration,20,38240800
4194304,cpu_baseline,21,2359500
4194304,post_migration,21,39885400
4194304,cpu_baseline,22,2008900
4194304,post_migration,22,39684600
4194304,cpu_baseline,23,2597300
4194304,post_migration,23,39333200
4194304,cpu_baseline,24,2119300
4194304,post_migration,24,42958000
4194304,cpu_baseline,25,2134600
4194304,post_migration,25,39452700
4194304,cpu_baseline,26,2136900
4194304,post_migration,26,38364100
4194304,cpu_baseline,27,2068000
4194304,post_migration,27,38873800
4194304,cpu_baseline,28,2163200
4194304,post_migration,28,40105500
4194304,cpu_baseline,29,2511600
4194304,post_migration,29,40181300
8388608,cpu_baseline,0,82410600
8388608,post_migration,0,79457700
8388608,cpu_baseline,1,4174600
8388608,post_migration,1,79514900
8388608,cpu_baseline,2,4714500
8388608,post_migration,2,83310000
8388608,cpu_baseline,3,4306100
8388608,post_migration,3,79051500
8388608,cpu_baseline,4,5293600
8388608,post_migration,4,79394300
8388608,cpu_baseline,5,5398400
8388608,post_migration,5,80381900
8388608,cpu_baseline,6,5276300
8388608,post_migration,6,79806300
8388608,cpu_baseline,7,4576800
8388608,post_migration,7,78856800
8388608,cpu_baseline,8,4906300
8388608,post_migration,8,77662600
8388608,cpu_baseline,9,4109200
8388608,post_migration,9,80118400
8388608,cpu_baseline,10,4790300
8388608,post_migration,10,79537400
8388608,cpu_baseline,11,4625100
8388608,post_migration,11,80373900
8388608,cpu_baseline,12,4144300
8388608,post_migration,12,82048300
8388608,cpu_baseline,13,5664800
8388608,post_migration,13,79360100
8388608,cpu_baseline,14,4529500
8388608,post_migration,14,80088000
8388608,cpu_baseline,15,4573400
8388608,post_migration,15,79210900
8388608,cpu_baseline,16,4364100
8388608,post_migration,16,81549600
8388608,cpu_baseline,17,5038300
8388608,post_migration,17,78206700
8388608,cpu_baseline,18,4796800
8388608,post_migration,18,82236100
8388608,cpu_baseline,19,4682400
8388608,post_migration,19,81928300
8388608,cpu_baseline,20,4815400
8388608,post_migration,20,79221800
8388608,cpu_baseline,21,5525400
8388608,post_migration,21,80857800
8388608,cpu_baseline,22,9234000
8388608,post_migration,22,82201900
8388608,cpu_baseline,23,5402100
8388608,post_migration,23,83433900
8388608,cpu_baseline,24,4564200
8388608,post_migration,24,82081400
8388608,cpu_baseline,25,4814100
8388608,post_migration,25,81827100
8388608,cpu_baseline,26,4582600
8388608,post_migration,26,84475900
8388608,cpu_baseline,27,5461600
8388608,post_migration,27,80365600
8388608,cpu_baseline,28,4072600
8388608,post_migration,28,83322900
8388608,cpu_baseline,29,4365200
8388608,post_migration,29,76271900
16777216,cpu_baseline,0,186154200
16777216,post_migration,0,187993700
16777216,cpu_baseline,1,9090300
16777216,post_migration,1,179803200
16777216,cpu_baseline,2,8413400
16777216,post_migration,2,183528000
16777216,cpu_baseline,3,13368700
16777216,post_migration,3,180711200
16777216,cpu_baseline,4,10846500
16777216,post_migration,4,180521600
16777216,cpu_baseline,5,9607700
16777216,post_migration,5,176491900
16777216,cpu_baseline,6,10631100
16777216,post_migration,6,180723800
16777216,cpu_baseline,7,8522100
16777216,post_migration,7,176911200
16777216,cpu_baseline,8,9369100
16777216,post_migration,8,180748600
16777216,cpu_baseline,9,9069700
16777216,post_migration,9,177900500
16777216,cpu_baseline,10,11774700
16777216,post_migration,10,181252700
16777216,cpu_baseline,11,10314500
16777216,post_migration,11,178603300
16777216,cpu_baseline,12,10169400
16777216,post_migration,12,183198100
16777216,cpu_baseline,13,8129900
16777216,post_migration,13,182336500
16777216,cpu_baseline,14,8964500
16777216,post_migration,14,178967400
16777216,cpu_baseline,15,11750800
16777216,post_migration,15,249230600
16777216,cpu_baseline,16,10688900
16777216,post_migration,16,181248500
16777216,cpu_baseline,17,8444800
16777216,post_migration,17,182701900
16777216,cpu_baseline,18,8694100
16777216,post_migration,18,183625900
16777216,cpu_baseline,19,8135800
16777216,post_migration,19,184163900
16777216,cpu_baseline,20,9108100
16777216,post_migration,20,182869700
16777216,cpu_baseline,21,9020500
16777216,post_migration,21,180747000
16777216,cpu_baseline,22,9046100
16777216,post_migration,22,185465800
16777216,cpu_baseline,23,8290000
16777216,post_migration,23,182282400
16777216,cpu_baseline,24,9442400
16777216,post_migration,24,184726000
16777216,cpu_baseline,25,9085200
16777216,post_migration,25,184914500
16777216,cpu_baseline,26,9119700
16777216,post_migration,26,181639200
16777216,cpu_baseline,27,8896100
16777216,post_migration,27,180208200
16777216,cpu_baseline,28,8479000
16777216,post_migration,28,178233100
16777216,cpu_baseline,29,8208600
16777216,post_migration,29,179143000
33554432,cpu_baseline,0,356249100
33554432,post_migration,0,356847500
33554432,cpu_baseline,1,18128800
33554432,post_migration,1,356767000
33554432,cpu_baseline,2,17459300
33554432,post_migration,2,360780100
33554432,cpu_baseline,3,17721100
33554432,post_migration,3,359209900
33554432,cpu_baseline,4,17596500
33554432,post_migration,4,361857000
33554432,cpu_baseline,5,17976300
33554432,post_migration,5,357478500
33554432,cpu_baseline,6,18437000
33554432,post_migration,6,352386600
33554432,cpu_baseline,7,16949900
33554432,post_migration,7,362093800
33554432,cpu_baseline,8,17144600
33554432,post_migration,8,358213200
33554432,cpu_baseline,9,17143000
33554432,post_migration,9,352673300
33554432,cpu_baseline,10,19355600
33554432,post_migration,10,361355400
33554432,cpu_baseline,11,17637100
33554432,post_migration,11,362782600
33554432,cpu_baseline,12,17284400
33554432,post_migration,12,367457900
33554432,cpu_baseline,13,18253300
33554432,post_migration,13,358538900
33554432,cpu_baseline,14,18294500
33554432,post_migration,14,365512100
33554432,cpu_baseline,15,20708300
33554432,post_migration,15,377683400
33554432,cpu_baseline,16,20679800
33554432,post_migration,16,358014300
33554432,cpu_baseline,17,20948600
33554432,post_migration,17,368397000
33554432,cpu_baseline,18,19143900
33554432,post_migration,18,367265700
33554432,cpu_baseline,19,19223300
33554432,post_migration,19,369096100
33554432,cpu_baseline,20,18454900
33554432,post_migration,20,368459700
33554432,cpu_baseline,21,18442500
33554432,post_migration,21,369932800
33554432,cpu_baseline,22,18342700
33554432,post_migration,22,366660700
33554432,cpu_baseline,23,19962200
33554432,post_migration,23,364302000
33554432,cpu_baseline,24,19801800
33554432,post_migration,24,367224300
33554432,cpu_baseline,25,19124400
33554432,post_migration,25,369511800
33554432,cpu_baseline,26,20519400
33554432,post_migration,26,364233400
33554432,cpu_baseline,27,20470800
33554432,post_migration,27,362599900
33554432,cpu_baseline,28,18039800
33554432,post_migration,28,362264500
33554432,cpu_baseline,29,17293700
33554432,post_migration,29,357389400
67108864,cpu_baseline,0,719937100
67108864,post_migration,0,738865000
67108864,cpu_baseline,1,38630400
67108864,post_migration,1,728416100
67108864,cpu_baseline,2,33870800
67108864,post_migration,2,718842400
67108864,cpu_baseline,3,33808700
67108864,post_migration,3,725788400
67108864,cpu_baseline,4,33801800
67108864,post_migration,4,727517800
67108864,cpu_baseline,5,42665600
67108864,post_migration,5,814888700
67108864,cpu_baseline,6,52822600
67108864,post_migration,6,1166946400
67108864,cpu_baseline,7,212533100
67108864,post_migration,7,1983023400
67108864,cpu_baseline,8,112789800
67108864,post_migration,8,1486483000
67108864,cpu_baseline,9,236803500
67108864,post_migration,9,1657772600
67108864,cpu_baseline,10,95030500
67108864,post_migration,10,1383688500
67108864,cpu_baseline,11,114893100
67108864,post_migration,11,1087868200
67108864,cpu_baseline,12,98865800
67108864,post_migration,12,1077132700
67108864,cpu_baseline,13,104971600
67108864,post_migration,13,1099419900
67108864,cpu_baseline,14,102149600
67108864,post_migration,14,1095123900
67108864,cpu_baseline,15,100338300
67108864,post_migration,15,1093355900
67108864,cpu_baseline,16,102137700
67108864,post_migration,16,1230222100
67108864,cpu_baseline,17,100161900
67108864,post_migration,17,1334436600
67108864,cpu_baseline,18,98091700
67108864,post_migration,18,1381728300
67108864,cpu_baseline,19,94264400
67108864,post_migration,19,1420489300
67108864,cpu_baseline,20,84460500
67108864,post_migration,20,1410951200
67108864,cpu_baseline,21,277607800
67108864,post_migration,21,1576363700
67108864,cpu_baseline,22,96588600
67108864,post_migration,22,1437098300
67108864,cpu_baseline,23,233917200
67108864,post_migration,23,1631665600
67108864,cpu_baseline,24,96254900
67108864,post_migration,24,1267997200
67108864,cpu_baseline,25,102411600
67108864,post_migration,25,1704675400
67108864,cpu_baseline,26,169445500
67108864,post_migration,26,1566469400
67108864,cpu_baseline,27,167928500
67108864,post_migration,27,1455720800
67108864,cpu_baseline,28,245688800
67108864,post_migration,28,1607452700
67108864,cpu_baseline,29,42631600
67108864,post_migration,29,754958900
134217728,cpu_baseline,0,1492193800
134217728,post_migration,0,1467684100
134217728,cpu_baseline,1,79994400
134217728,post_migration,1,1459918300
134217728,cpu_baseline,2,75668400
134217728,post_migration,2,1469427800
134217728,cpu_baseline,3,70530400
134217728,post_migration,3,1489924600
134217728,cpu_baseline,4,69391000
134217728,post_migration,4,1580436400
134217728,cpu_baseline,5,135263300
134217728,post_migration,5,1589920700
134217728,cpu_baseline,6,67917000
134217728,post_migration,6,1343694900
134217728,cpu_baseline,7,65979000
134217728,post_migration,7,1359628700
134217728,cpu_baseline,8,65732300
134217728,post_migration,8,1300244500
134217728,cpu_baseline,9,66218500
134217728,post_migration,9,1320411400
134217728,cpu_baseline,10,65481600
134217728,post_migration,10,1286326300
134217728,cpu_baseline,11,67451700
134217728,post_migration,11,1281080800
134217728,cpu_baseline,12,66064500
134217728,post_migration,12,1292811000
134217728,cpu_baseline,13,66332600
134217728,post_migration,13,1296844300
134217728,cpu_baseline,14,67013500
134217728,post_migration,14,1285607800
134217728,cpu_baseline,15,65512900
134217728,post_migration,15,1315797600
134217728,cpu_baseline,16,65178000
134217728,post_migration,16,1311433100
134217728,cpu_baseline,17,66712100
134217728,post_migration,17,1291380300
134217728,cpu_baseline,18,66908800
134217728,post_migration,18,1287865300
134217728,cpu_baseline,19,66904800
134217728,post_migration,19,1285604100
134217728,cpu_baseline,20,65334400
134217728,post_migration,20,1281105100
134217728,cpu_baseline,21,65597500
134217728,post_migration,21,1285558300
134217728,cpu_baseline,22,65770900
134217728,post_migration,22,1279549100
134217728,cpu_baseline,23,65021000
134217728,post_migration,23,1267598300
134217728,cpu_baseline,24,64966400
134217728,post_migration,24,1267193800
134217728,cpu_baseline,25,66473600
134217728,post_migration,25,1272389900
134217728,cpu_baseline,26,65804400
134217728,post_migration,26,1270605800
134217728,cpu_baseline,27,65427400
134217728,post_migration,27,1271074500
134217728,cpu_baseline,28,65669800
134217728,post_migration,28,1275930000
134217728,cpu_baseline,29,65800800
134217728,post_migration,29,1289252000
268435456,cpu_baseline,0,-1534925796
268435456,post_migration,0,-1514799196
268435456,cpu_baseline,1,132219400
268435456,post_migration,1,-1526631496
268435456,cpu_baseline,2,132110800
268435456,post_migration,2,-1537445096
268435456,cpu_baseline,3,131989200
268435456,post_migration,3,-1518627096
268435456,cpu_baseline,4,132027600
268435456,post_migration,4,-1493982596
268435456,cpu_baseline,5,135584700
268435456,post_migration,5,-1501056896
268435456,cpu_baseline,6,134331200
268435456,post_migration,6,-1511879096
268435456,cpu_baseline,7,131669500
268435456,post_migration,7,-1524411696
268435456,cpu_baseline,8,135251300
268435456,post_migration,8,-1523138896
268435456,cpu_baseline,9,130432900
268435456,post_migration,9,-1045699296
268435456,cpu_baseline,10,262204300
268435456,post_migration,10,-996500296
268435456,cpu_baseline,11,269154500
268435456,post_migration,11,-1356573196
268435456,cpu_baseline,12,136777900
268435456,post_migration,12,-1501171096
268435456,cpu_baseline,13,129991300
268435456,post_migration,13,-1484065596
268435456,cpu_baseline,14,135617900
268435456,post_migration,14,-1412155096
268435456,cpu_baseline,15,135408300
268435456,post_migration,15,-1530327596
268435456,cpu_baseline,16,133542300
268435456,post_migration,16,-1508535096
268435456,cpu_baseline,17,132143200
268435456,post_migration,17,-1535614296
268435456,cpu_baseline,18,133927000
268435456,post_migration,18,-1512007496
268435456,cpu_baseline,19,130283900
268435456,post_migration,19,-1522057296
268435456,cpu_baseline,20,132176400
268435456,post_migration,20,-1542138196
268435456,cpu_baseline,21,130411200
268435456,post_migration,21,-1540257996
268435456,cpu_baseline,22,131394600
268435456,post_migration,22,-1534779996
268435456,cpu_baseline,23,129870200
268435456,post_migration,23,-1522620996
268435456,cpu_baseline,24,130632400
268435456,post_migration,24,-1495634896
268435456,cpu_baseline,25,132337500
268435456,post_migration,25,-1488485796
268435456,cpu_baseline,26,129853400
268435456,post_migration,26,-1496068696
268435456,cpu_baseline,27,129286700
268435456,post_migration,27,-1480321796
268435456,cpu_baseline,28,130036300
268435456,post_migration,28,-1525467896
268435456,cpu_baseline,29,130277800
268435456,post_migration,29,-1510007796
